Timestamp,Section A : Respondent Role,Gender,Age Range,Education Level,Working Experience ,Employment Type,Work Environment [The McDonald’s work environment supports me in handling mental health challenges.],Work Environment [McDonald’s provides a high level of safety and security for me while working.],Work Environment [The quality of work and overall efficiency are negatively affected in a toxic work environment.],Work Environment [My workplace is an excellent example of work-life balance.],Pay and Benefits [I feel very happy regarding the pay wages while comparing to workload at McDonald’s.],Pay and Benefits [I receive incentives and words of appreciation when I perform my best during my shift.],Pay and Benefits [I feel the company is concerned about my personal welfare and interests.],"Pay and Benefits [I am satisfied with McDonald’s benefits package, including vacation, sick leave, transportation allowance, etc.]",Management Systems [I feel recognized by my managers for my work contributions.],Management Systems [I am able to make important decisions independently in my role.],Management Systems [My managers treat all employees fairly and without bias.],Management Systems [I feel supported by my supervising managers when performing my tasks.],"Corporate Culture [I believe that everyone on the staff is treated equally at McDonald’s irrespective of their cast, creed, region, and religion.]",Corporate Culture [I am encouraged to share my ideas and contribute to improving work processes.],Corporate Culture [I have never experienced gender inequality at McDonald’s.],"Overall, how satisfied are you working in McDonald's Sungai Dua, Penang?",Gender,Age Range,Employment status,Education Level,  How often do you eat McDonald’s?  ,McDonald‘s have clean and comfortable physical environment ,McDonalds restaurants have an appealing interior design.,McDonald‘s restaurants are clean and well taken care of.,McDonald‘s employees are well dressed and appear neat,"When McDonald‘s  promise to do something by a certain time, they do it.","When customer has a problem,  McDonald‘s show sincere interest in solving the problem.",McDonald‘s perform the service right the first time.,McDonald‘s provide their services at the time they promise to do so,McDonald‘s make information easily obtainable by customers.,McDonald‘s meals are served quickly.,McDonald‘s employees are always willing to help customers.,McDonalds employees are never too busy to respond to customers requests.,The behaviour of McDonald’s employees instill confidence in customers.  ,Customers feel safe and comfortable when interacting with McDonald’s staff.  ,McDonald’s employees are polite and friendly to customers.  ,"McDonald’s employees have the knowledge to answer customers’ questions about the menu, promotions, and services.  ",McDonald‘s give customers individual attention.,Operating hours of McDonald‘s are convenient to customers.,McDonald‘s have their customers' interest at heart.,Employees of McDonald's understand the specific needs of their customers. ,McDonald‘s restaurants are a comfortable place to eat in.,Working at McDonald’s is a wonderful and interesting experience.  ,I feel free to undertake tasks and decisions independently at work., [Row 1], [Row 1], [Row 1],Work Environment [I personally admit that the quality of work and overall efficiency is affected in toxic work environ],Work Environment [I can say that the work environment of McDonald’s is very helpful for all workers while dealing with some awkward moments specific to mental healthwith some awkward moments specific to mental health],Pay and Benefits [The McDonald’s work environment supports employees in handling mental health challenges.],Pay and Benefits [McDonald’s provides a high level of safety and security for staff while working.],Pay and Benefits [The quality of work and overall efficiency are negatively affected in a toxic work environment.],Pay and Benefits [mployees generally feel that the company is],Pay and Benefits [Concern over their personal welfare and interest],Management Systems [I feel very happy regarding the pay wages while comparing to workload at McDonald’s.],Management Systems [I receive incentives and words of appreciation when I perform my best during my shift.],Management Systems [I feel the company is concerned about my personal welfare and interests.],"Management Systems [I believe that everyone on the staff is treated equally at McDonald’s irrespective of their cast, creed, region, and religion.]",Corporate Culture [I feel very happy regarding the pay wages while comparing to workload at McDonald’s.],Corporate Culture [I feel the company is concerned about my personal welfare and interests.],"Corporate Culture [I am satisfied with McDonald’s benefits package, including vacation, sick leave, transportation allowance, etc.]",Management Systems [I feel supported by my supervising managers and not ignored],Management Systems [I have not experienced gender inequality at McDonald’s.],Management Systems [I feel supported by my supervising managers and not ignored.],Management Systems [],Management Systems [],Management Systems [],McDonalds restaurants have an appealing interior design.,McDonald‘s restaurants are a comfortable place to eat in.,Column 71,McDonald‘s restaurants are clean and well taken care of.,McDonald‘s employees give prompt services to customers.,McDonald‘s restaurants are a comfortable place to eat in.,McDonald‘s restaurants are a comfortable place to eat in.,Employees of McDonald‘s give customers personal ser,Corporate Cultur [I am encouraged to share my ideas and contribute to improving work processes.],Corporate Cultur [I have never experienced gender inequality at McDonald’s.],"Corporate Culture [creed, region, and religion.]",Management Systems [McDonald’s.],Management Systems [I feel supported by my supervising managers and not ignored],Management Systems [Row 2],Pay and Benefits [shifts.],,Work Environment [I can put McDonald’s on Higher ranking regarding the safety and security of staff while working at McDonald's.],,,I always feel free and comfortable to convey my innovative ideas to the seniors and to get those ideas implemented in the work norms to enhance the performance of McDonald’s.,I feel very happy regarding pay wages compared to workload. ,"I believe that everyone on the staff is treated equally at McDonald’s irrespective of their cast, creed, region, and religion. ",I can put McDonald’s on Higher ranking regarding the safety and security of staff while working at McDonald’s.,My workplace is the best example of work–life balance. ,,,McDonalds restaurants have an appealing interior design.
11/18/2025 16:42:59,Employee McDonald’s,Female,36-55,Diploma,less than 1 year,full-time,Strongly agree,Agree,Strongly agree,Agree,Agree,Agree,Strongly agree,Agree,Agree,Agree,Strongly agree,Agree,Agree,Agree,Strongly agree,4,,,,,,,,,,,,,,,,,,,,,,,,,,3,,,,,,,,,,,,,,,,,,,,,,,,,,,,,,,,,,,,,,,,,,,,,,,,,,,,3
11/18/2025 17:27:11,Employee McDonald’s,Female,18-25,Diploma,1-3 years,full-time,Neutral,Neutral,Agree,Neutral,Neutral,Agree,Agree,Neutral,Neutral,Agree,Neutral,Neutral,Neutral,Agree,Neutral,4,,,,,,,,,,,,,,,,,,,,,,,,,,5,,,,,,,,,,,,,,,,,,,,,,,,,,,,,,,,,,,,,,,,,,,,,,,,,,,,5
11/19/2025 10:49:50,Employee McDonald’s,Male,26-35,Secondary School,4-5 years,full-time,Disagree,Disagree,Neutral,Neutral,Neutral,Neutral,Disagree,Disagree,Agree,Agree,Neutral,Disagree,Disagree,Neutral,Neutral,3,,,,,,,,,,,,,,,,,,,,,,,,,,5,,,,,,,,,,,,,,,,,,,,,,,,,,,,,,,,,,,,,,,,,,,,,,,,,,,,5
11/19/2025 10:51:12,Employee McDonald’s,Male,18-25,Bachelor's Degree,less than 1 year,part-time,Agree,Agree,Neutral,Agree,Agree,Agree,Agree,Agree,Agree,Agree,Agree,Strongly agree,Agree,Agree,Agree,4,,,,,,,,,,,,,,,,,,,,,,,,,,,,,,,,,,,,,,,,,,,,,,,,,,,,,,,,,,,,,,,,,,,,5,,,5,5,5,5,,,,
11/19/2025 10:51:35,Employee McDonald’s,Female,36-55,Bachelor's Degree,more than 5 years,full-time,Neutral,Agree,Neutral,Agree,Neutral,Neutral,Agree,Neutral,Agree,Agree,Agree,Agree,Neutral,Neutral,Neutral,4,,,,,,,,,,,,,,,,,,,,,,,,,,5,,,,,,,,,,,,,,,,,,,,,,,,,,,,,,,,,,,,,,,,,,,,,,,,,,,,5
11/19/2025 10:52:53,Employee McDonald’s,Female,26-35,Bachelor's Degree,1-3 years,full-time,Neutral,Neutral,Agree,Neutral,Neutral,Neutral,Neutral,Neutral,Neutral,Neutral,Neutral,Neutral,Neutral,Neutral,Neutral,4,,,,,,,,,,,,,,,,,,,,,,,,,,5,,,,,,,,,,,,,,,,,,,,,,,,,,,,,,,,,,,,,,,,,,,,,,,,,,,,4
11/19/2025 11:54:32,Employee McDonald’s,Female,18-25,Secondary School,less than 1 year,part-time,Agree,Strongly agree,Agree,Agree,Agree,Agree,Agree,Agree,Agree,Agree,Agree,Agree,Agree,Agree,Agree,3,,,,,,,,,,,,,,,,,,,,,,,,,,4,,,,,,,,,,,,,,,,,,,,,,,,,,,,,,,,,,,,,,,,,,,,,,,,,,,,5
11/19/2025 16:43:34,Employee McDonald’s,Female,26-35,Bachelor's Degree,1-3 years,full-time,Neutral,Neutral,Neutral,Neutral,Disagree,Neutral,Neutral,Disagree,Disagree,Neutral,Neutral,Neutral,Neutral,Neutral,Disagree,5,,,,,,,,,,,,,,,,,,,,,,,,,,5,,,,,,,,,,,,,,,,,,,,,,,,,,,,,,,,,,,,,,,,,,,,,,,,,,,,5
11/20/2025 0:20:34,Employee McDonald’s,Female,26-35,Postgraduate,less than 1 year,part-time,Agree,Agree,Agree,Strongly agree,Agree,Agree,Agree,Strongly agree,Agree,Agree,Agree,Agree,Agree,Agree,Agree,4,,,,,,,,,,,,,,,,,,,,,,,,,,5,,,,,,,,,,,,,,,,,,,,,,,,,,,,,,,,,,,,,,,,,,,,,,,,,,,,5
11/21/2025 17:38:07,Employee McDonald’s,Female,26-35,Diploma,1-3 years,full-time,Agree,Agree,Neutral,Neutral,Agree,Agree,Agree,Agree,Neutral,Neutral,Neutral,Agree,Agree,Agree,Neutral,4,,,,,,,,,,,,,,,,,,,,,,,,,,4,,,,,,,,,,,,,,,,,,,,,,,,,,,,,,,,,,,,,,,,,,,,,,,,,,,,3
11/21/2025 17:38:37,Employee McDonald’s,Female,26-35,Secondary School,1-3 years,full-time,Neutral,Neutral,Agree,Neutral,Neutral,Neutral,Agree,Agree,Agree,Agree,Agree,Agree,Agree,Agree,Agree,4,,,,,,,,,,,,,,,,,,,,,,,,,,3,,,,,,,,,,,,,,,,,,,,,,,,,,,,,,,,,,,,,,,,,,,,,,,,,,,,3
11/21/2025 17:38:58,Employee McDonald’s,Female,18-25,Bachelor's Degree,1-3 years,full-time,Disagree,Neutral,Disagree,Neutral,Neutral,Neutral,Neutral,Disagree,Neutral,Neutral,Neutral,Neutral,Neutral,Disagree,Neutral,4,,,,,,,,,,,,,,,,,,,,,,,,,,3,,,,,,,,,,,,,,,,,,,,,,,,,,,,,,,,,,,,,,,,,,,,,,,,,,,,3
11/21/2025 17:39:30,Employee McDonald’s,Male,36-55,Secondary School,4-5 years,full-time,Agree,Agree,Agree,Agree,Agree,Agree,Agree,Agree,Agree,Agree,Agree,Agree,Agree,Agree,Agree,4,,,,,,,,,,,,,,,,,,,,,,,,,,3,,,,,,,,,,,,,,,,,,,,,,,,,,,,,,,,,,,,,,,,,,,,,,,,,,,,3
11/21/2025 17:40:00,Employee McDonald’s,Female,26-35,Secondary School,1-3 years,full-time,Neutral,Agree,Neutral,Agree,Neutral,Neutral,Agree,Agree,Neutral,Neutral,Neutral,Agree,Agree,Neutral,Neutral,5,,,,,,,,,,,,,,,,,,,,,,,,,,4,,,,,,,,,,,,,,,,,,,,,,,,,,,,,,,,,,,,,,,,,,,,,,,,,,,,4
11/21/2025 17:41:41,Employee McDonald’s,Male,26-35,Secondary School,more than 5 years,part-time,Strongly agree,Strongly agree,Agree,Strongly agree,Agree,Agree,Agree,Agree,Strongly agree,Strongly agree,Strongly agree,Strongly agree,Strongly agree,Agree,Agree,4,,,,,,,,,,,,,,,,,,,,,,,,,,4,,,,,,,,,,,,,,,,,,,,,,,,,,,,,,,,,,,,,,,,,,,,,,,,,,,,4
11/21/2025 17:42:00,Employee McDonald’s,Male,26-35,Diploma,4-5 years,part-time,Agree,Agree,Neutral,Agree,Agree,Agree,Agree,Agree,Agree,Agree,Agree,Agree,Agree,Agree,Agree,5,,,,,,,,,,,,,,,,,,,,,,,,,,4,,,,,,,,,,,,,,,,,,,,,,,,,,,,,,,,,,,,,,,,,,,,,,,,,,,,4
11/21/2025 17:42:58,Employee McDonald’s,Male,26-35,Diploma,1-3 years,part-time,Neutral,Neutral,Neutral,Neutral,Disagree,Disagree,Neutral,Neutral,Disagree,Neutral,Disagree,Neutral,Neutral,Neutral,Neutral,4,,,,,,,,,,,,,,,,,,,,,,,,,,4,,,,,,,,,,,,,,,,,,,,,,,,,,,,,,,,,,,,,,,,,,,,,,,,,,,,4
11/21/2025 17:48:24,Employee McDonald’s,Female,26-35,Secondary School,4-5 years,full-time,Agree,Strongly agree,Agree,Agree,Agree,Agree,Agree,Agree,Strongly agree,Agree,Agree,Agree,Agree,Agree,Agree,4,,,,,,,,,,,,,,,,,,,,,,,,,,4,,,,,,,,,,,,,,,,,,,,,,,,,,,,,,,,,,,,,,,,,,,,,,,,,,,,2
11/21/2025 17:49:33,Employee McDonald’s,Female,26-35,Bachelor's Degree,4-5 years,full-time,Neutral,Neutral,Agree,Agree,Neutral,Agree,Neutral,Strongly agree,Agree,Agree,Agree,Agree,Agree,Agree,Agree,4,,,,,,,,,,,,,,,,,,,,,,,,,,4,,,,,,,,,,,,,,,,,,,,,,,,,,,,,,,,,,,,,,,,,,,,,,,,,,,,3
11/21/2025 17:51:26,Employee McDonald’s,Female,26-35,Diploma,less than 1 year,full-time,Agree,Neutral,Agree,Agree,Agree,Agree,Agree,Neutral,Neutral,Neutral,Neutral,Neutral,Neutral,Agree,Agree,4,,,,,,,,,,,,,,,,,,,,,,,,,,3,,,,,,,,,,,,,,,,,,,,,,,,,,,,,,,,,,,,,,,,,,,,,,,,,,,,2
11/21/2025 17:51:56,Employee McDonald’s,Female,26-35,Diploma,1-3 years,full-time,Neutral,Disagree,Disagree,Neutral,Neutral,Neutral,Neutral,Neutral,Agree,Neutral,Agree,Neutral,Neutral,Agree,Agree,4,,,,,,,,,,,,,,,,,,,,,,,,,,3,,,,,,,,,,,,,,,,,,,,,,,,,,,,,,,,,,,,,,,,,,,,,,,,,,,,3
11/21/2025 17:52:14,Employee McDonald’s,Male,36-55,Secondary School,1-3 years,full-time,Agree,Agree,Strongly agree,Strongly agree,Agree,Agree,Agree,Agree,Agree,Agree,Agree,Agree,Agree,Agree,Agree,4,,,,,,,,,,,,,,,,,,,,,,,,,,4,,,,,,,,,,,,,,,,,,,,,,,,,,,,,,,,,,,,,,,,,,,,,,,,,,,,3
11/21/2025 17:53:36,Employee McDonald’s,Male,26-35,Secondary School,1-3 years,part-time,Neutral,Agree,Strongly agree,Agree,Neutral,Neutral,Neutral,Agree,Agree,Agree,Agree,Agree,Agree,Agree,Neutral,4,,,,,,,,,,,,,,,,,,,,,,,,,,4,,,,,,,,,,,,,,,,,,,,,,,,,,,,,,,,,,,,,,,,,,,,,,,,,,,,3
11/21/2025 17:54:02,Employee McDonald’s,Female,26-35,Secondary School,4-5 years,part-time,Agree,Neutral,Agree,Strongly agree,Strongly agree,Strongly agree,Strongly agree,Strongly agree,Strongly agree,Strongly agree,Strongly agree,Strongly agree,Agree,Agree,Agree,4,,,,,,,,,,,,,,,,,,,,,,,,,,2,,,,,,,,,,,,,,,,,,,,,,,,,,,,,,,,,,,,,,,,,,,,,,,,,,,,3
11/21/2025 17:54:28,Employee McDonald’s,Female,26-35,Diploma,more than 5 years,part-time,Agree,Agree,Agree,Neutral,Neutral,Neutral,Neutral,Neutral,Agree,Agree,Agree,Agree,Agree,Agree,Neutral,5,,,,,,,,,,,,,,,,,,,,,,,,,,5,,,,,,,,,,,,,,,,,,,,,,,,,,,,,,,,,,,,,,,,,,,,,,,,,,,,4
11/21/2025 17:55:15,Employee McDonald’s,Female,26-35,Secondary School,1-3 years,part-time,Agree,Agree,Strongly agree,Agree,Agree,Agree,Agree,Agree,Agree,Agree,Agree,Agree,Agree,Neutral,Neutral,4,,,,,,,,,,,,,,,,,,,,,,,,,,3,,,,,,,,,,,,,,,,,,,,,,,,,,,,,,,,,,,,,,,,,,,,,,,,,,,,3
11/21/2025 17:56:48,Employee McDonald’s,Female,26-35,Secondary School,1-3 years,part-time,Neutral,Neutral,Neutral,Neutral,Disagree,Disagree,Disagree,Disagree,Neutral,Neutral,Agree,Neutral,Neutral,Neutral,Disagree,4,,,,,,,,,,,,,,,,,,,,,,,,,,4,,,,,,,,,,,,,,,,,,,,,,,,,,,,,,,,,,,,,,,,,,,,,,,,,,,,4
11/21/2025 17:57:29,Employee McDonald’s,Male,26-35,Bachelor's Degree,4-5 years,part-time,Agree,Agree,Agree,Agree,Agree,Agree,Agree,Agree,Agree,Agree,Agree,Agree,Agree,Agree,Agree,5,,,,,,,,,,,,,,,,,,,,,,,,,,3,,,,,,,,,,,,,,,,,,,,,,,,,,,,,,,,,,,,,,,,,,,,,,,,,,,,3
11/21/2025 17:59:42,Employee McDonald’s,Male,26-35,Secondary School,4-5 years,full-time,Agree,Neutral,Neutral,Agree,Neutral,Agree,Agree,Agree,Agree,Agree,Agree,Agree,Agree,Agree,Agree,5,,,,,,,,,,,,,,,,,,,,,,,,,,4,,,,,,,,,,,,,,,,,,,,,,,,,,,,,,,,,,,,,,,,,,,,,,,,,,,,3
11/21/2025 18:00:04,Employee McDonald’s,Female,26-35,Postgraduate,1-3 years,full-time,Disagree,Neutral,Disagree,Disagree,Disagree,Neutral,Neutral,Neutral,Neutral,Neutral,Neutral,Disagree,Neutral,Neutral,Disagree,5,,,,,,,,,,,,,,,,,,,,,,,,,,5,,,,,,,,,,,,,,,,,,,,,,,,,,,,,,,,,,,,,,,,,,,,,,,,,,,,4
11/21/2025 18:03:08,Customer McDonald’s,,,,,,,,,,,,,,,,,,,,,,Female,26-35,Working professional,Diploma,A few times a week,3,3,3,4,3,3,3,3,2,3,3,4,5,4,5,5,4,5,4,4,4,,,,,,,,,,,,,,,,,,,,,,,,,,,,,,,,,,,,,,,,,,,,,,,,,,,,3
11/21/2025 18:04:01,Customer McDonald’s,,,,,,,,,,,,,,,,,,,,,,Female,26-35,Working professional,Diploma,A few times a month,2,2,4,3,3,4,3,3,3,3,2,4,4,5,3,4,3,4,3,3,3,,,,,,,,,,,,,,,,,,,,,,,,,,,,,,,,,,,,,,,,,,,,,,,,,,,,3
11/21/2025 18:04:21,Customer McDonald’s,,,,,,,,,,,,,,,,,,,,,,Female,18-25,Student,Bachelor's degree,A few times a month,2,3,2,2,3,4,3,3,3,4,2,2,5,5,5,5,5,5,5,5,5,,,,,,,,,,,,,,,,,,,,,,,,,,,,,,,,,,,,,,,,,,,,,,,,,,,,4
11/21/2025 18:04:44,Customer McDonald’s,,,,,,,,,,,,,,,,,,,,,,Female,18-25,Student,Bachelor's degree,A few times a week,3,1,2,2,3,4,3,5,3,3,3,3,4,3,4,4,3,3,3,3,4,,,,,,,,,,,,,,,,,,,,,,,,,,,,,,,,,,,,,,,,,,,,,,,,,,,,4
11/21/2025 18:05:12,Customer McDonald’s,,,,,,,,,,,,,,,,,,,,,,Female,18-25,Student,Bachelor's degree,A few times a month,2,3,2,2,2,2,3,2,2,4,4,3,4,4,4,5,3,4,4,3,3,,,,,,,,,,,,,,,,,,,,,,,,,,,,,,,,,,,,,,,,,,,,,,,,,,,,2
11/21/2025 18:05:33,Customer McDonald’s,,,,,,,,,,,,,,,,,,,,,,Female,18-25,Student,Postgraduate,A few times a week,3,2,3,2,4,3,3,2,3,3,1,4,2,2,2,2,2,3,2,2,4,,,,,,,,,,,,,,,,,,,,,,,,,,,,,,,,,,,,,,,,,,,,,,,,,,,,3
11/21/2025 18:06:22,Customer McDonald’s,,,,,,,,,,,,,,,,,,,,,,Female,26-35,Student,Postgraduate,Rarely,2,3,2,3,2,3,3,4,3,3,3,4,4,4,4,4,3,3,3,3,2,,,,,,,,,,,,,,,,,,,,,,,,,,,,,,,,,,,,,,,,,,,,,,,,,,,,2
11/21/2025 18:06:47,Customer McDonald’s,,,,,,,,,,,,,,,,,,,,,,Female,18-25,Student,Bachelor's degree,A few times a week,2,2,2,4,3,3,4,3,3,3,2,3,4,5,4,5,4,5,4,5,3,,,,,,,,,,,,,,,,,,,,,,,,,,,,,,,,,,,,,,,,,,,,,,,,,,,,3
11/21/2025 18:13:32,Customer McDonald’s,,,,,,,,,,,,,,,,,,,,,,Female,18-25,Student,Bachelor's degree,A few times a month,3,2,3,2,2,3,3,3,3,3,3,3,3,2,3,2,3,3,3,3,4,,,,,,,,,,,,,,,,,,,,,,,,,,,,,,,,,,,,,,,,,,,,,,,,,,,,4
11/21/2025 18:15:14,Customer McDonald’s,,,,,,,,,,,,,,,,,,,,,,Female,26-35,Working professional,Bachelor's degree,A few times a month,3,1,2,3,3,4,4,2,3,2,3,3,5,5,5,5,5,5,5,5,4,,,,,,,,,,,,,,,,,,,,,,,,,,,,,,,,,,,,,,,,,,,,,,,,,,,,3
11/21/2025 18:15:37,Customer McDonald’s,,,,,,,,,,,,,,,,,,,,,,Female,26-35,Working professional,Bachelor's degree,A few times a week,3,3,3,2,3,3,4,3,2,4,3,4,4,4,3,3,4,4,4,4,5,,,,,,,,,,,,,,,,,,,,,,,,,,,,,,,,,,,,,,,,,,,,,,,,,,,,4
11/21/2025 18:16:06,Customer McDonald’s,,,,,,,,,,,,,,,,,,,,,,Female,18-25,Working professional,Diploma,A few times a month,2,2,2,3,4,3,3,3,2,3,4,3,3,2,2,2,2,2,2,2,4,,,,,,,,,,,,,,,,,,,,,,,,,,,,,,,,,,,,,,,,,,,,,,,,,,,,4
11/21/2025 18:16:34,Customer McDonald’s,,,,,,,,,,,,,,,,,,,,,,Female,18-25,Student,Bachelor's degree,A few times a week,3,2,3,2,3,4,3,3,3,4,5,3,4,3,4,4,4,4,4,4,3,,,,,,,,,,,,,,,,,,,,,,,,,,,,,,,,,,,,,,,,,,,,,,,,,,,,3
11/21/2025 18:16:52,Customer McDonald’s,,,,,,,,,,,,,,,,,,,,,,Female,below 18,Student,Secondary School,Rarely,2,3,3,3,3,3,3,3,3,4,3,3,3,4,4,3,3,3,2,3,4,,,,,,,,,,,,,,,,,,,,,,,,,,,,,,,,,,,,,,,,,,,,,,,,,,,,4
11/21/2025 18:17:13,Customer McDonald’s,,,,,,,,,,,,,,,,,,,,,,Female,18-25,Student,Diploma,A few times a month,2,2,3,3,3,3,3,4,4,2,3,3,5,2,5,5,3,5,5,5,3,,,,,,,,,,,,,,,,,,,,,,,,,,,,,,,,,,,,,,,,,,,,,,,,,,,,2
11/21/2025 18:17:34,Customer McDonald’s,,,,,,,,,,,,,,,,,,,,,,Female,18-25,Student,Bachelor's degree,A few times a month,2,2,2,2,3,4,3,4,3,2,4,4,5,5,5,4,4,4,4,4,2,,,,,,,,,,,,,,,,,,,,,,,,,,,,,,,,,,,,,,,,,,,,,,,,,,,,2
11/21/2025 18:17:53,Customer McDonald’s,,,,,,,,,,,,,,,,,,,,,,Female,18-25,Student,Bachelor's degree,A few times a month,3,3,3,3,3,3,4,2,3,3,3,2,4,4,4,5,5,4,4,4,4,,,,,,,,,,,,,,,,,,,,,,,,,,,,,,,,,,,,,,,,,,,,,,,,,,,,3
11/21/2025 18:18:15,Customer McDonald’s,,,,,,,,,,,,,,,,,,,,,,Female,below 18,Student,Secondary School,A few times a week,3,2,3,4,3,3,3,2,2,3,3,3,4,4,3,4,3,3,3,3,4,,,,,,,,,,,,,,,,,,,,,,,,,,,,,,,,,,,,,,,,,,,,,,,,,,,,4
11/22/2025 7:52:31,Customer McDonald’s,,,,,,,,,,,,,,,,,,,,,,Female,26-35,Working professional,Postgraduate,Rarely,3,4,1,3,4,3,3,3,4,3,3,4,4,3,4,4,3,3,3,3,5,,,,,,,,,,,,,,,,,,,,,,,,,,,,,,,,,,,,,,,,,,,,,,,,,,,,5
11/22/2025 7:53:41,Customer McDonald’s,,,,,,,,,,,,,,,,,,,,,,Female,36-45,Unemployed,Bachelor's degree,Rarely,3,2,3,1,3,2,4,4,2,3,3,4,4,4,4,4,5,5,5,5,3,,,,,,,,,,,,,,,,,,,,,,,,,,,,,,,,,,,,,,,,,,,,,,,,,,,,5
11/22/2025 7:54:13,Customer McDonald’s,,,,,,,,,,,,,,,,,,,,,,Female,18-25,Working professional,Bachelor's degree,A few times a month,2,3,3,2,3,4,4,4,3,3,4,4,3,4,3,2,3,3,2,2,5,,,,,,,,,,,,,,,,,,,,,,,,,,,,,,,,,,,,,,,,,,,,,,,,,,,,4
11/22/2025 7:54:58,Customer McDonald’s,,,,,,,,,,,,,,,,,,,,,,Female,18-25,Student,PhD,A few times a month,2,2,3,3,3,3,3,3,2,2,3,4,5,5,5,5,5,4,4,5,5,,,,,,,,,,,,,,,,,,,,,,,,,,,,,,,,,,,,,,,,,,,,,,,,,,,,4
11/22/2025 7:55:29,Customer McDonald’s,,,,,,,,,,,,,,,,,,,,,,Female,26-35,Working professional,PhD,Rarely,2,3,3,3,3,2,4,3,4,4,3,4,4,4,4,4,4,4,4,4,5,,,,,,,,,,,,,,,,,,,,,,,,,,,,,,,,,,,,,,,,,,,,,,,,,,,,5
11/22/2025 7:56:02,Customer McDonald’s,,,,,,,,,,,,,,,,,,,,,,Female,36-45,Unemployed,Bachelor's degree,A few times a month,2,2,2,2,3,4,3,4,3,4,3,3,2,2,2,2,2,2,3,2,4,,,,,,,,,,,,,,,,,,,,,,,,,,,,,,,,,,,,,,,,,,,,,,,,,,,,4
11/22/2025 7:56:34,Customer McDonald’s,,,,,,,,,,,,,,,,,,,,,,Female,18-25,Unemployed,Bachelor's degree,A few times a week,3,3,3,2,3,3,3,2,3,4,4,3,5,4,4,4,5,5,5,5,5,,,,,,,,,,,,,,,,,,,,,,,,,,,,,,,,,,,,,,,,,,,,,,,,,,,,4
11/22/2025 7:57:20,Customer McDonald’s,,,,,,,,,,,,,,,,,,,,,,Female,36-45,Self-employed,Bachelor's degree,A few times a week,2,2,2,2,3,4,4,3,2,3,3,3,3,2,2,2,2,2,2,3,4,,,,,,,,,,,,,,,,,,,,,,,,,,,,,,,,,,,,,,,,,,,,,,,,,,,,5
11/22/2025 7:57:53,Customer McDonald’s,,,,,,,,,,,,,,,,,,,,,,Female,18-25,Unemployed,Postgraduate,A few times a month,3,3,4,3,3,3,3,2,4,3,2,3,4,4,4,4,4,4,4,4,3,,,,,,,,,,,,,,,,,,,,,,,,,,,,,,,,,,,,,,,,,,,,,,,,,,,,3
11/22/2025 7:58:28,Customer McDonald’s,,,,,,,,,,,,,,,,,,,,,,Female,46-55,Self-employed,Secondary School,Daily,3,3,1,3,3,3,3,2,2,3,3,3,3,2,2,2,1,1,2,2,5,,,,,,,,,,,,,,,,,,,,,,,,,,,,,,,,,,,,,,,,,,,,,,,,,,,,5
11/22/2025 7:59:05,Customer McDonald’s,,,,,,,,,,,,,,,,,,,,,,Female,26-35,Unemployed,Bachelor's degree,A few times a week,3,4,2,3,3,3,3,2,4,3,3,4,5,4,4,5,5,5,5,5,5,,,,,,,,,,,,,,,,,,,,,,,,,,,,,,,,,,,,,,,,,,,,,,,,,,,,5
11/22/2025 7:59:34,Customer McDonald’s,,,,,,,,,,,,,,,,,,,,,,Female,46-55,Unemployed,Bachelor's degree,A few times a week,3,2,3,3,3,4,4,3,3,4,2,3,2,2,2,3,3,3,3,3,5,,,,,,,,,,,,,,,,,,,,,,,,,,,,,,,,,,,,,,,,,,,,,,,,,,,,4
11/22/2025 8:00:08,Customer McDonald’s,,,,,,,,,,,,,,,,,,,,,,Female,below 18,Working professional,Secondary School,A few times a month,3,2,4,2,3,3,3,3,2,3,3,4,5,5,5,5,5,5,5,5,4,,,,,,,,,,,,,,,,,,,,,,,,,,,,,,,,,,,,,,,,,,,,,,,,,,,,4
11/22/2025 8:00:52,Customer McDonald’s,,,,,,,,,,,,,,,,,,,,,,Female,26-35,Unemployed,Secondary School,A few times a week,3,4,2,3,4,4,3,4,4,4,3,3,4,4,4,4,4,4,4,4,2,,,,,,,,,,,,,,,,,,,,,,,,,,,,,,,,,,,,,,,,,,,,,,,,,,,,4
11/22/2025 8:01:21,Customer McDonald’s,,,,,,,,,,,,,,,,,,,,,,Female,36-45,Unemployed,Bachelor's degree,A few times a month,3,3,2,3,3,4,2,4,3,3,2,3,2,2,2,2,2,2,2,2,4,,,,,,,,,,,,,,,,,,,,,,,,,,,,,,,,,,,,,,,,,,,,,,,,,,,,3
11/22/2025 8:01:54,Customer McDonald’s,,,,,,,,,,,,,,,,,,,,,,Female,26-35,Self-employed,Postgraduate,A few times a month,2,3,2,4,3,3,3,2,3,3,3,3,5,5,5,5,5,5,5,5,4,,,,,,,,,,,,,,,,,,,,,,,,,,,,,,,,,,,,,,,,,,,,,,,,,,,,4
11/22/2025 8:02:28,Customer McDonald’s,,,,,,,,,,,,,,,,,,,,,,Female,18-25,Working professional,Secondary School,A few times a week,3,3,3,2,4,3,3,3,3,3,3,3,4,4,4,3,3,4,4,4,3,,,,,,,,,,,,,,,,,,,,,,,,,,,,,,,,,,,,,,,,,,,,,,,,,,,,3
11/22/2025 8:02:54,Customer McDonald’s,,,,,,,,,,,,,,,,,,,,,,Female,18-25,Student,Postgraduate,A few times a month,3,4,2,3,2,3,3,2,3,3,3,3,2,2,2,2,3,3,3,3,4,,,,,,,,,,,,,,,,,,,,,,,,,,,,,,,,,,,,,,,,,,,,,,,,,,,,5
11/22/2025 8:03:17,Customer McDonald’s,,,,,,,,,,,,,,,,,,,,,,Female,36-45,Working professional,Bachelor's degree,A few times a week,3,3,2,2,3,3,3,3,2,2,3,4,5,5,5,4,4,4,4,4,5,,,,,,,,,,,,,,,,,,,,,,,,,,,,,,,,,,,,,,,,,,,,,,,,,,,,5
11/22/2025 8:03:57,Customer McDonald’s,,,,,,,,,,,,,,,,,,,,,,Female,46-55,Working professional,Diploma,A few times a month,3,3,3,3,3,3,4,4,3,3,4,3,3,3,4,3,4,3,4,4,4,,,,,,,,,,,,,,,,,,,,,,,,,,,,,,,,,,,,,,,,,,,,,,,,,,,,3
11/22/2025 10:50:23,Customer McDonald’s,,,,,,,,,,,,,,,,,,,,,,Female,36-45,Unemployed,Postgraduate,A few times a month,3,3,3,3,2,3,3,3,3,3,3,5,4,4,4,4,4,4,4,4,,5,,,,,,,,,,,,,,,,,,,,,,,,,,,,,,,,,,,,,,,,,3,,,,3,3,2,5,,,
11/22/2025 10:50:44,Customer McDonald’s,,,,,,,,,,,,,,,,,,,,,,Female,36-45,Working professional,PhD,Rarely,4,3,2,3,3,3,4,3,3,3,4,4,3,2,2,2,2,2,2,2,,5,,,,,,,,,,,,,,,,,,,,,,,,,,,,,,,,,,,,,,,,,5,,,,3,4,5,4,,,
11/22/2025 10:51:13,Customer McDonald’s,,,,,,,,,,,,,,,,,,,,,,Female,26-35,Working professional,PhD,A few times a month,2,3,4,3,3,4,3,4,4,3,4,3,4,4,4,4,4,4,4,4,,5,,,,,,,,,,,,,,,,,,,,,,,,,,,,,,,,,,,,,,,,,5,,,,4,5,4,4,,,
11/22/2025 10:51:43,Customer McDonald’s,,,,,,,,,,,,,,,,,,,,,,Female,18-25,Student,Diploma,A few times a week,4,3,3,4,3,3,3,3,3,3,3,2,4,4,4,5,4,4,4,5,,5,,,,,,,,,,,,,,,,,,,,,,,,,,,,,,,,,,,,,,,,,4,,,,5,5,3,5,,,
11/22/2025 10:53:12,Customer McDonald’s,,,,,,,,,,,,,,,,,,,,,,Female,18-25,Working professional,Bachelor's degree,A few times a month,3,3,2,3,2,3,4,5,3,5,3,3,2,2,2,2,3,3,2,2,4,,,,,,,,,,,,,,,,,,,,,,,,,,,,,,,,,,,,,,,,,,,,,,,,,,,,4
11/22/2025 10:53:34,Customer McDonald’s,,,,,,,,,,,,,,,,,,,,,,Female,26-35,Working professional,Bachelor's degree,A few times a month,3,3,3,3,3,3,2,3,4,2,2,3,3,4,4,5,4,4,3,4,4,,,,,,,,,,,,,,,,,,,,,,,,,,,,,,,,,,,,,,,,,,,,,,,,,,,,5
11/22/2025 10:53:53,Customer McDonald’s,,,,,,,,,,,,,,,,,,,,,,Female,18-25,Self-employed,Bachelor's degree,A few times a week,3,4,3,5,3,3,3,4,2,4,3,4,4,4,4,4,4,4,4,4,3,,,,,,,,,,,,,,,,,,,,,,,,,,,,,,,,,,,,,,,,,,,,,,,,,,,,5
11/22/2025 10:54:13,Customer McDonald’s,,,,,,,,,,,,,,,,,,,,,,Female,26-35,Student,Secondary School,A few times a month,3,2,2,3,3,3,3,4,3,3,3,3,5,5,5,3,5,5,5,5,5,,,,,,,,,,,,,,,,,,,,,,,,,,,,,,,,,,,,,,,,,,,,,,,,,,,,4
11/22/2025 10:54:36,Customer McDonald’s,,,,,,,,,,,,,,,,,,,,,,Female,46-55,Student,Secondary School,Rarely,3,3,3,3,3,4,2,4,2,3,3,3,4,4,4,4,4,4,4,4,3,,,,,,,,,,,,,,,,,,,,,,,,,,,,,,,,,,,,,,,,,,,,,,,,,,,,5
11/22/2025 10:55:00,Customer McDonald’s,,,,,,,,,,,,,,,,,,,,,,Female,26-35,Student,Bachelor's degree,A few times a week,2,2,3,4,3,2,5,4,3,4,3,3,4,3,4,3,4,4,4,4,1,,,,,,,,,,,,,,,,,,,,,,,,,,,,,,,,,,,,,,,,,,,,,,,,,,,,5
11/22/2025 10:55:25,Customer McDonald’s,,,,,,,,,,,,,,,,,,,,,,Female,36-45,Working professional,Diploma,A few times a month,3,2,3,3,4,4,4,3,3,4,3,3,3,3,2,2,2,2,3,2,5,,,,,,,,,,,,,,,,,,,,,,,,,,,,,,,,,,,,,,,,,,,,,,,,,,,,1
11/22/2025 11:12:45,Customer McDonald’s,,,,,,,,,,,,,,,,,,,,,,Female,18-25,Working professional,Secondary School,A few times a week,2,3,3,2,3,4,4,3,2,3,3,2,5,5,5,5,5,5,4,5,3,,,,,,,,,,,,,,,,,,,,,,,,,,,,,,,,,,,,,,,,,,,,,,,,,,,,4
11/22/2025 11:13:05,Customer McDonald’s,,,,,,,,,,,,,,,,,,,,,,Female,below 18,Unemployed,Bachelor's degree,A few times a month,3,3,4,4,3,3,3,3,3,2,4,3,5,5,5,5,4,4,4,4,5,,,,,,,,,,,,,,,,,,,,,,,,,,,,,,,,,,,,,,,,,,,,,,,,,,,,4
11/22/2025 11:13:25,Customer McDonald’s,,,,,,,,,,,,,,,,,,,,,,Female,26-35,Working professional,Postgraduate,A few times a month,2,2,3,3,3,3,3,3,3,3,4,4,4,5,3,4,3,3,3,3,4,,,,,,,,,,,,,,,,,,,,,,,,,,,,,,,,,,,,,,,,,,,,,,,,,,,,5
11/22/2025 11:13:46,Customer McDonald’s,,,,,,,,,,,,,,,,,,,,,,Female,below 18,Student,Bachelor's degree,A few times a month,3,5,3,4,3,3,2,2,3,3,3,4,5,5,5,5,5,5,5,5,5,,,,,,,,,,,,,,,,,,,,,,,,,,,,,,,,,,,,,,,,,,,,,,,,,,,,5
11/22/2025 11:14:05,Customer McDonald’s,,,,,,,,,,,,,,,,,,,,,,Female,18-25,Student,Bachelor's degree,Daily,4,3,3,3,3,3,4,3,4,3,4,3,3,3,4,4,3,3,3,3,4,,,,,,,,,,,,,,,,,,,,,,,,,,,,,,,,,,,,,,,,,,,,,,,,,,,,4
11/22/2025 11:14:24,Customer McDonald’s,,,,,,,,,,,,,,,,,,,,,,Female,26-35,Student,Bachelor's degree,A few times a month,3,3,3,3,3,3,3,3,3,4,3,3,4,4,4,4,4,4,4,4,5,,,,,,,,,,,,,,,,,,,,,,,,,,,,,,,,,,,,,,,,,,,,,,,,,,,,5
11/22/2025 11:14:44,Customer McDonald’s,,,,,,,,,,,,,,,,,,,,,,Female,18-25,Working professional,Bachelor's degree,A few times a week,4,2,3,2,3,3,3,3,3,3,3,4,2,2,2,2,3,2,2,2,4,,,,,,,,,,,,,,,,,,,,,,,,,,,,,,,,,,,,,,,,,,,,,,,,,,,,2
11/22/2025 11:15:06,Customer McDonald’s,,,,,,,,,,,,,,,,,,,,,,Female,26-35,Unemployed,Secondary School,A few times a week,3,4,3,2,4,3,2,3,3,3,3,3,3,4,4,4,3,3,3,3,3,,,,,,,,,,,,,,,,,,,,,,,,,,,,,,,,,,,,,,,,,,,,,,,,,,,,4
11/22/2025 11:15:28,Customer McDonald’s,,,,,,,,,,,,,,,,,,,,,,Female,26-35,Student,Postgraduate,A few times a month,3,3,3,3,3,3,3,2,3,3,3,4,4,3,4,4,4,4,5,5,5,,,,,,,,,,,,,,,,,,,,,,,,,,,,,,,,,,,,,,,,,,,,,,,,,,,,5
11/22/2025 11:19:12,Customer McDonald’s,,,,,,,,,,,,,,,,,,,,,,Female,18-25,Student,Bachelor's degree,A few times a month,3,3,4,3,4,3,2,4,4,4,3,4,4,4,3,3,4,3,3,3,5,,,,,,,,,,,,,,,,,,,,,,,,,,,,,,,,,,,,,,,,,,,,,,,,,,,,5
11/22/2025 11:19:36,Customer McDonald’s,,,,,,,,,,,,,,,,,,,,,,Female,below 18,Unemployed,Diploma,A few times a month,2,3,3,4,4,4,3,3,3,3,2,2,5,5,5,5,5,5,5,5,4,,,,,,,,,,,,,,,,,,,,,,,,,,,,,,,,,,,,,,,,,,,,,,,,,,,,1
11/22/2025 11:19:59,Customer McDonald’s,,,,,,,,,,,,,,,,,,,,,,Female,18-25,Self-employed,PhD,A few times a month,3,3,4,4,4,3,4,3,3,4,3,3,4,4,4,4,4,4,4,4,5,,,,,,,,,,,,,,,,,,,,,,,,,,,,,,,,,,,,,,,,,,,,,,,,,,,,3
11/22/2025 11:20:21,Customer McDonald’s,,,,,,,,,,,,,,,,,,,,,,Female,18-25,Student,Postgraduate,Daily,3,3,3,3,3,4,3,3,4,3,4,3,2,2,2,2,2,2,2,2,2,,,,,,,,,,,,,,,,,,,,,,,,,,,,,,,,,,,,,,,,,,,,,,,,,,,,5
11/22/2025 11:20:55,Customer McDonald’s,,,,,,,,,,,,,,,,,,,,,,Female,18-25,Student,Bachelor's degree,A few times a month,5,4,3,4,3,3,3,3,3,4,3,3,4,3,4,4,4,4,4,4,5,,,,,,,,,,,,,,,,,,,,,,,,,,,,,,,,,,,,,,,,,,,,,,,,,,,,5
11/22/2025 11:21:15,Customer McDonald’s,,,,,,,,,,,,,,,,,,,,,,Female,18-25,Student,Bachelor's degree,Rarely,5,4,3,3,3,3,4,3,3,3,4,4,3,3,4,3,3,4,3,2,5,,,,,,,,,,,,,,,,,,,,,,,,,,,,,,,,,,,,,,,,,,,,,,,,,,,,4
11/22/2025 11:21:35,Customer McDonald’s,,,,,,,,,,,,,,,,,,,,,,Female,18-25,Student,Postgraduate,Rarely,4,3,4,4,3,3,3,4,3,3,3,3,5,5,5,5,5,5,5,5,4,,,,,,,,,,,,,,,,,,,,,,,,,,,,,,,,,,,,,,,,,,,,,,,,,,,,4
11/22/2025 11:21:56,Customer McDonald’s,,,,,,,,,,,,,,,,,,,,,,Female,18-25,Working professional,Bachelor's degree,A few times a month,3,3,2,3,2,3,3,3,3,3,3,3,5,5,3,4,4,4,4,4,5,,,,,,,,,,,,,,,,,,,,,,,,,,,,,,,,,,,,,,,,,,,,,,,,,,,,3
11/22/2025 11:22:20,Customer McDonald’s,,,,,,,,,,,,,,,,,,,,,,Female,below 18,Unemployed,Postgraduate,A few times a week,3,3,4,3,4,3,3,3,4,3,3,3,4,4,4,4,4,4,4,4,5,,,,,,,,,,,,,,,,,,,,,,,,,,,,,,,,,,,,,,,,,,,,,,,,,,,,5
11/22/2025 11:22:39,Customer McDonald’s,,,,,,,,,,,,,,,,,,,,,,Female,26-35,Working professional,Postgraduate,A few times a month,3,4,4,3,2,4,4,3,4,4,4,3,4,4,3,4,3,3,3,3,5,,,,,,,,,,,,,,,,,,,,,,,,,,,,,,,,,,,,,,,,,,,,,,,,,,,,5
11/22/2025 11:23:01,Customer McDonald’s,,,,,,,,,,,,,,,,,,,,,,Female,46-55,Self-employed,PhD,A few times a month,4,4,3,4,3,4,3,3,3,3,4,3,4,3,4,4,3,3,3,3,4,,,,,,,,,,,,,,,,,,,,,,,,,,,,,,,,,,,,,,,,,,,,,,,,,,,,3
11/22/2025 11:23:20,Customer McDonald’s,,,,,,,,,,,,,,,,,,,,,,Female,18-25,Working professional,Bachelor's degree,Rarely,4,3,4,3,3,3,3,2,4,3,4,4,4,4,4,4,5,5,5,5,3,,,,,,,,,,,,,,,,,,,,,,,,,,,,,,,,,,,,,,,,,,,,,,,,,,,,3
11/22/2025 11:23:38,Customer McDonald’s,,,,,,,,,,,,,,,,,,,,,,Female,26-35,Working professional,Postgraduate,Rarely,4,4,4,3,3,4,4,3,4,3,4,3,3,4,3,3,3,3,2,2,5,,,,,,,,,,,,,,,,,,,,,,,,,,,,,,,,,,,,,,,,,,,,,,,,,,,,5
11/22/2025 11:24:03,Customer McDonald’s,,,,,,,,,,,,,,,,,,,,,,Female,46-55,Working professional,Bachelor's degree,Rarely,5,2,3,4,3,3,4,4,3,3,4,3,4,4,4,4,4,4,5,4,4,,,,,,,,,,,,,,,,,,,,,,,,,,,,,,,,,,,,,,,,,,,,,,,,,,,,3
11/22/2025 11:24:22,Customer McDonald’s,,,,,,,,,,,,,,,,,,,,,,Female,26-35,Working professional,Bachelor's degree,A few times a week,4,3,3,3,3,4,4,4,4,4,4,3,4,4,4,4,4,4,4,4,5,,,,,,,,,,,,,,,,,,,,,,,,,,,,,,,,,,,,,,,,,,,,,,,,,,,,4
11/22/2025 11:24:43,Customer McDonald’s,,,,,,,,,,,,,,,,,,,,,,Female,18-25,Self-employed,Bachelor's degree,A few times a week,3,4,4,3,4,3,3,3,3,4,3,5,3,3,2,2,2,2,2,2,5,,,,,,,,,,,,,,,,,,,,,,,,,,,,,,,,,,,,,,,,,,,,,,,,,,,,5
11/22/2025 11:25:05,Customer McDonald’s,,,,,,,,,,,,,,,,,,,,,,Female,below 18,Working professional,Postgraduate,A few times a week,4,4,4,4,3,3,3,3,3,3,3,3,5,4,4,4,5,5,5,5,5,,,,,,,,,,,,,,,,,,,,,,,,,,,,,,,,,,,,,,,,,,,,,,,,,,,,5
11/22/2025 11:25:27,Customer McDonald’s,,,,,,,,,,,,,,,,,,,,,,Female,36-45,Working professional,Postgraduate,A few times a month,3,3,4,4,4,3,3,3,3,4,3,3,2,2,2,2,2,2,3,2,2,,,,,,,,,,,,,,,,,,,,,,,,,,,,,,,,,,,,,,,,,,,,,,,,,,,,5
11/22/2025 11:25:52,Customer McDonald’s,,,,,,,,,,,,,,,,,,,,,,Female,18-25,Student,Diploma,A few times a week,3,4,4,3,3,3,4,4,3,3,3,4,4,4,4,4,4,4,4,4,3,,,,,,,,,,,,,,,,,,,,,,,,,,,,,,,,,,,,,,,,,,,,,,,,,,,,3
11/22/2025 11:26:11,Customer McDonald’s,,,,,,,,,,,,,,,,,,,,,,Female,36-45,Working professional,Bachelor's degree,A few times a week,4,3,3,4,3,3,4,4,2,3,3,3,3,2,2,2,2,2,2,3,4,,,,,,,,,,,,,,,,,,,,,,,,,,,,,,,,,,,,,,,,,,,,,,,,,,,,5
11/22/2025 11:26:36,Customer McDonald’s,,,,,,,,,,,,,,,,,,,,,,Female,18-25,Working professional,Bachelor's degree,A few times a week,4,4,4,4,3,3,3,3,3,4,3,3,5,5,5,4,5,5,5,5,5,,,,,,,,,,,,,,,,,,,,,,,,,,,,,,,,,,,,,,,,,,,,,,,,,,,,5
11/22/2025 11:27:00,Customer McDonald’s,,,,,,,,,,,,,,,,,,,,,,Female,18-25,Student,Secondary School,A few times a week,4,3,4,3,4,3,3,3,3,3,3,3,3,3,2,2,2,2,2,3,4,,,,,,,,,,,,,,,,,,,,,,,,,,,,,,,,,,,,,,,,,,,,,,,,,,,,5
11/22/2025 11:27:22,Customer McDonald’s,,,,,,,,,,,,,,,,,,,,,,Female,18-25,Student,Secondary School,A few times a week,4,4,3,5,3,4,4,2,3,2,3,4,5,5,5,5,5,5,5,5,5,,,,,,,,,,,,,,,,,,,,,,,,,,,,,,,,,,,,,,,,,,,,,,,,,,,,4
11/22/2025 22:22:50,Customer McDonald’s,,,,,,,,,,,,,,,,,,,,,,Female,18-25,Working professional,PhD,A few times a month,3,3,4,4,3,4,2,3,3,3,3,4,5,5,4,4,4,4,4,4,5,,,,,,,,,,,,,,,,,,,,,,,,,,,,,,,,,,,,,,,,,,,,,,,,,,,,5
11/22/2025 22:23:18,Customer McDonald’s,,,,,,,,,,,,,,,,,,,,,,Female,26-35,Student,PhD,A few times a month,4,4,3,3,3,2,4,4,3,2,3,3,2,2,2,2,2,2,2,2,3,,,,,,,,,,,,,,,,,,,,,,,,,,,,,,,,,,,,,,,,,,,,,,,,,,,,5
11/22/2025 22:23:46,Customer McDonald’s,,,,,,,,,,,,,,,,,,,,,,Female,18-25,Student,Secondary School,A few times a week,4,3,4,3,4,3,3,4,3,4,3,3,5,5,5,5,5,5,5,5,5,,,,,,,,,,,,,,,,,,,,,,,,,,,,,,,,,,,,,,,,,,,,,,,,,,,,5
11/22/2025 22:24:14,Customer McDonald’s,,,,,,,,,,,,,,,,,,,,,,Female,18-25,Student,Bachelor's degree,A few times a month,3,3,4,3,3,3,2,2,2,3,3,3,4,4,4,4,4,3,4,4,4,,,,,,,,,,,,,,,,,,,,,,,,,,,,,,,,,,,,,,,,,,,,,,,,,,,,3
11/22/2025 22:24:44,Customer McDonald’s,,,,,,,,,,,,,,,,,,,,,,Female,18-25,Unemployed,Bachelor's degree,A few times a week,3,4,4,3,3,4,4,3,3,3,3,4,2,2,2,2,3,3,3,3,3,,,,,,,,,,,,,,,,,,,,,,,,,,,,,,,,,,,,,,,,,,,,,,,,,,,,2
11/22/2025 22:25:10,Customer McDonald’s,,,,,,,,,,,,,,,,,,,,,,Female,18-25,Working professional,Bachelor's degree,A few times a month,3,4,3,3,2,3,3,4,2,3,2,3,5,5,5,4,4,4,4,4,5,,,,,,,,,,,,,,,,,,,,,,,,,,,,,,,,,,,,,,,,,,,,,,,,,,,,5
11/22/2025 22:25:42,Customer McDonald’s,,,,,,,,,,,,,,,,,,,,,,Female,18-25,Working professional,Secondary School,A few times a week,3,3,4,4,4,3,4,4,3,3,3,4,4,4,3,4,4,4,4,4,5,,,,,,,,,,,,,,,,,,,,,,,,,,,,,,,,,,,,,,,,,,,,,,,,,,,,5
11/22/2025 22:26:06,Customer McDonald’s,,,,,,,,,,,,,,,,,,,,,,Female,18-25,Student,Postgraduate,A few times a week,4,3,3,3,3,2,3,3,3,4,4,4,4,4,4,4,4,4,4,4,4,,,,,,,,,,,,,,,,,,,,,,,,,,,,,,,,,,,,,,,,,,,,,,,,,,,,3
11/22/2025 22:26:33,Customer McDonald’s,,,,,,,,,,,,,,,,,,,,,,Female,26-35,Unemployed,Secondary School,A few times a week,3,3,4,3,4,3,3,3,3,3,2,4,3,2,2,2,2,2,2,2,5,,,,,,,,,,,,,,,,,,,,,,,,,,,,,,,,,,,,,,,,,,,,,,,,,,,,4
11/22/2025 22:27:10,Customer McDonald’s,,,,,,,,,,,,,,,,,,,,,,Female,18-25,Self-employed,Bachelor's degree,A few times a month,4,5,4,4,4,4,3,3,3,3,4,3,4,4,4,4,4,4,4,4,5,,,,,,,,,,,,,,,,,,,,,,,,,,,,,,,,,,,,,,,,,,,,,,,,,,,,5
11/22/2025 22:27:51,Customer McDonald’s,,,,,,,,,,,,,,,,,,,,,,Female,26-35,Student,Bachelor's degree,A few times a month,4,4,4,4,3,4,4,3,3,3,4,3,4,4,4,5,4,4,4,5,5,,,,,,,,,,,,,,,,,,,,,,,,,,,,,,,,,,,,,,,,,,,,,,,,,,,,5
11/22/2025 22:28:21,Customer McDonald’s,,,,,,,,,,,,,,,,,,,,,,Female,26-35,Working professional,Bachelor's degree,A few times a month,4,4,4,4,3,3,4,3,3,3,3,4,2,2,2,2,3,2,2,2,4,,,,,,,,,,,,,,,,,,,,,,,,,,,,,,,,,,,,,,,,,,,,,,,,,,,,4
11/22/2025 22:28:50,Customer McDonald’s,,,,,,,,,,,,,,,,,,,,,,Female,26-35,Working professional,Bachelor's degree,A few times a week,5,5,5,4,4,4,3,3,3,2,4,2,3,4,4,5,4,4,3,4,5,,,,,,,,,,,,,,,,,,,,,,,,,,,,,,,,,,,,,,,,,,,,,,,,,,,,5
11/22/2025 22:29:18,Customer McDonald’s,,,,,,,,,,,,,,,,,,,,,,Female,36-45,Student,Diploma,A few times a month,5,4,5,4,3,3,4,3,3,3,3,4,4,4,4,4,4,4,4,4,4,,,,,,,,,,,,,,,,,,,,,,,,,,,,,,,,,,,,,,,,,,,,,,,,,,,,3
11/22/2025 22:29:54,Customer McDonald’s,,,,,,,,,,,,,,,,,,,,,,Female,26-35,Student,Bachelor's degree,A few times a week,3,4,3,4,4,3,4,4,3,4,4,3,5,5,5,5,5,5,5,5,5,,,,,,,,,,,,,,,,,,,,,,,,,,,,,,,,,,,,,,,,,,,,,,,,,,,,3
11/23/2025 15:27:46,Customer McDonald’s,,,,,,,,,,,,,,,,,,,,,,Female,26-35,Working professional,Diploma,A few times a month,4,4,4,5,4,4,3,3,4,3,4,3,4,4,4,4,4,4,4,4,3,,,,,,,,,,,,,,,,,,,,,,,,,,,,,,,,,,,,,,,,,,,,,,,,,,,,5
11/23/2025 15:28:59,Customer McDonald’s,,,,,,,,,,,,,,,,,,,,,,Female,26-35,Unemployed,Bachelor's degree,A few times a week,5,4,3,4,3,3,3,3,4,4,4,3,4,4,4,5,5,5,5,5,3,,,,,,,,,,,,,,,,,,,,,,,,,,,,,,,,,,,,,,,,,,,,,,,,,,,,5
11/23/2025 15:29:04,Customer McDonald’s,,,,,,,,,,,,,,,,,,,,,,Female,26-35,Student,Bachelor's degree,A few times a week,3,5,5,4,3,3,5,3,3,4,3,4,3,3,3,2,2,2,2,2,4,,,,,,,,,,,,,,,,,,,,,,,,,,,,,,,,,,,,,,,,,,,,,,,,,,,,3
11/23/2025 15:29:08,Customer McDonald’s,,,,,,,,,,,,,,,,,,,,,,Female,below 18,Student,Diploma,A few times a month,3,5,4,5,3,3,3,4,3,4,3,3,5,5,5,5,5,5,4,4,5,,,,,,,,,,,,,,,,,,,,,,,,,,,,,,,,,,,,,,,,,,,,,,,,,,,,4
11/23/2025 15:29:13,Customer McDonald’s,,,,,,,,,,,,,,,,,,,,,,Female,18-25,Working professional,Bachelor's degree,A few times a month,3,4,4,4,3,4,3,2,3,3,4,3,5,4,4,4,4,4,4,4,2,,,,,,,,,,,,,,,,,,,,,,,,,,,,,,,,,,,,,,,,,,,,,,,,,,,,5
11/23/2025 15:29:17,Customer McDonald’s,,,,,,,,,,,,,,,,,,,,,,Female,18-25,Working professional,Postgraduate,Rarely,4,4,3,4,3,4,3,3,3,3,3,3,3,3,3,3,4,3,3,3,2,,,,,,,,,,,,,,,,,,,,,,,,,,,,,,,,,,,,,,,,,,,,,,,,,,,,4
11/23/2025 15:29:22,Customer McDonald’s,,,,,,,,,,,,,,,,,,,,,,Female,26-35,Student,Secondary School,Rarely,4,4,4,3,3,3,3,4,2,3,2,4,5,5,5,5,5,5,5,5,3,,,,,,,,,,,,,,,,,,,,,,,,,,,,,,,,,,,,,,,,,,,,,,,,,,,,3
11/23/2025 15:29:26,Customer McDonald’s,,,,,,,,,,,,,,,,,,,,,,Female,18-25,Unemployed,Bachelor's degree,A few times a week,3,5,4,4,3,4,4,4,3,4,4,2,4,4,3,4,3,3,2,3,3,,,,,,,,,,,,,,,,,,,,,,,,,,,,,,,,,,,,,,,,,,,,,,,,,,,,3
11/23/2025 15:29:31,Customer McDonald’s,,,,,,,,,,,,,,,,,,,,,,Female,18-25,Student,Bachelor's degree,Rarely,5,4,5,4,4,4,3,3,3,4,4,4,4,4,4,4,4,4,3,4,4,,,,,,,,,,,,,,,,,,,,,,,,,,,,,,,,,,,,,,,,,,,,,,,,,,,,5
11/23/2025 15:29:35,Customer McDonald’s,,,,,,,,,,,,,,,,,,,,,,Female,26-35,Working professional,Secondary School,A few times a month,5,5,4,5,3,4,3,4,3,3,4,4,3,3,3,2,3,2,2,2,3,,,,,,,,,,,,,,,,,,,,,,,,,,,,,,,,,,,,,,,,,,,,,,,,,,,,5
11/23/2025 15:29:39,Customer McDonald’s,,,,,,,,,,,,,,,,,,,,,,Female,26-35,Working professional,PhD,A few times a month,4,5,3,4,3,3,3,3,3,4,4,3,3,4,4,4,3,2,3,3,3,,,,,,,,,,,,,,,,,,,,,,,,,,,,,,,,,,,,,,,,,,,,,,,,,,,,3
11/23/2025 15:29:43,Customer McDonald’s,,,,,,,,,,,,,,,,,,,,,,Female,18-25,Unemployed,Postgraduate,A few times a week,5,3,3,3,4,3,3,4,4,4,3,3,5,5,5,5,4,5,4,5,4,,,,,,,,,,,,,,,,,,,,,,,,,,,,,,,,,,,,,,,,,,,,,,,,,,,,3
11/23/2025 15:29:48,Customer McDonald’s,,,,,,,,,,,,,,,,,,,,,,Female,26-35,Student,Postgraduate,A few times a month,4,4,5,4,3,5,3,3,4,3,3,3,3,2,3,3,3,3,3,3,4,,,,,,,,,,,,,,,,,,,,,,,,,,,,,,,,,,,,,,,,,,,,,,,,,,,,3
11/23/2025 15:29:52,Customer McDonald’s,,,,,,,,,,,,,,,,,,,,,,Female,26-35,Student,Secondary School,A few times a week,5,3,3,4,3,3,4,4,2,4,3,3,5,5,5,5,5,5,5,5,4,,,,,,,,,,,,,,,,,,,,,,,,,,,,,,,,,,,,,,,,,,,,,,,,,,,,4
11/23/2025 15:29:57,Customer McDonald’s,,,,,,,,,,,,,,,,,,,,,,Female,36-45,Unemployed,Bachelor's degree,A few times a month,4,4,3,4,3,3,4,3,3,4,4,4,4,4,4,4,3,3,3,4,4,,,,,,,,,,,,,,,,,,,,,,,,,,,,,,,,,,,,,,,,,,,,,,,,,,,,5
11/23/2025 15:30:20,Customer McDonald’s,,,,,,,,,,,,,,,,,,,,,,Female,18-25,Working professional,Diploma,A few times a week,3,4,4,3,3,3,3,4,2,3,4,3,2,2,2,2,2,2,1,1,,5,,,,,,,,,,,,,,,,,,,,,,,,,,,,,,,,,,,,,,,,,5,,,,5,5,2,4,,,
11/23/2025 15:30:24,Customer McDonald’s,,,,,,,,,,,,,,,,,,,,,,Female,36-45,Student,Postgraduate,A few times a month,4,3,4,5,3,4,4,3,2,3,3,3,4,4,4,4,5,5,5,5,5,,,,,,,,,,,,,,,,,,,,,,,,,,,,,,,,,,,,,,,,,,,,,,,,,,,,4
11/23/2025 15:30:28,Customer McDonald’s,,,,,,,,,,,,,,,,,,,,,,Female,below 18,Unemployed,Bachelor's degree,A few times a month,3,4,4,4,3,3,3,3,4,3,4,4,4,3,4,4,3,3,3,4,3,,,,,,,,,,,,,,,,,,,,,,,,,,,,,,,,,,,,,,,,,,,,,,,,,,,,2
11/23/2025 15:30:33,Customer McDonald’s,,,,,,,,,,,,,,,,,,,,,,Female,36-45,Student,Diploma,A few times a month,4,3,4,3,4,3,3,3,4,4,4,3,5,5,5,5,5,5,5,5,5,,,,,,,,,,,,,,,,,,,,,,,,,,,,,,,,,,,,,,,,,,,,,,,,,,,,3
11/23/2025 15:30:37,Customer McDonald’s,,,,,,,,,,,,,,,,,,,,,,Female,26-35,Working professional,Bachelor's degree,A few times a week,5,4,4,4,2,3,4,3,4,3,4,3,5,5,5,5,4,4,4,4,4,,,,,,,,,,,,,,,,,,,,,,,,,,,,,,,,,,,,,,,,,,,,,,,,,,,,3
11/23/2025 15:30:41,Customer McDonald’s,,,,,,,,,,,,,,,,,,,,,,Female,18-25,Student,PhD,A few times a month,4,4,4,4,3,3,3,3,3,3,4,2,4,4,4,4,4,4,4,4,5,,,,,,,,,,,,,,,,,,,,,,,,,,,,,,,,,,,,,,,,,,,,,,,,,,,,1
11/23/2025 15:30:46,Customer McDonald’s,,,,,,,,,,,,,,,,,,,,,,Female,26-35,Student,Secondary School,A few times a month,4,4,4,3,4,3,3,3,2,3,3,3,3,4,4,3,4,3,3,3,4,,,,,,,,,,,,,,,,,,,,,,,,,,,,,,,,,,,,,,,,,,,,,,,,,,,,5
11/23/2025 15:30:50,Customer McDonald’s,,,,,,,,,,,,,,,,,,,,,,Female,36-45,Unemployed,Bachelor's degree,A few times a month,3,5,5,4,4,4,3,3,2,3,3,3,4,3,4,4,3,3,3,3,5,,,,,,,,,,,,,,,,,,,,,,,,,,,,,,,,,,,,,,,,,,,,,,,,,,,,1
11/23/2025 15:30:54,Customer McDonald’s,,,,,,,,,,,,,,,,,,,,,,Female,18-25,Student,PhD,A few times a month,4,4,5,5,4,4,3,4,4,4,4,2,4,4,5,5,5,5,5,5,4,,,,,,,,,,,,,,,,,,,,,,,,,,,,,,,,,,,,,,,,,,,,,,,,,,,,4
11/23/2025 15:35:07,Customer McDonald’s,,,,,,,,,,,,,,,,,,,,,,Female,18-25,Working professional,Postgraduate,A few times a week,4,4,3,5,3,3,2,3,3,3,3,3,3,3,4,4,3,3,2,3,4,,,,,,,,,,,,,,,,,,,,,,,,,,,,,,,,,,,,,,,,,,,,,,,,,,,,3
11/23/2025 15:35:45,Customer McDonald’s,,,,,,,,,,,,,,,,,,,,,,Female,18-25,Working professional,Diploma,A few times a week,4,4,4,4,4,4,3,3,2,3,3,3,4,4,4,4,4,4,5,4,4,,,,,,,,,,,,,,,,,,,,,,,,,,,,,,,,,,,,,,,,,,,,,,,,,,,,4
11/25/2025 8:51:09,Customer McDonald’s,,,,,,,,,,,,,,,,,,,,,,Female,26-35,Working professional,Bachelor's degree,A few times a month,5,5,4,5,4,3,4,4,4,3,3,4,4,4,4,4,4,4,4,4,,,,,,,,,,,,,,,,,,,,,,,,,,,,,,,,,,,,,,,,,,,,,,,,,,,,,
11/25/2025 8:51:09,Customer McDonald’s,,,,,,,,,,,,,,,,,,,,,,Female,26-35,Unemployed,Bachelor's degree,A few times a week,4,4,5,5,4,4,3,3,4,3,3,3,3,2,2,2,2,3,2,2,,,,,,,,,,,,,,,,,,,,,,,,,,,,,,,,,,,,,,,,,,,,,,,,,,,,,
11/25/2025 8:51:09,Customer McDonald’s,,,,,,,,,,,,,,,,,,,,,,Female,36-45,Working professional,Diploma,A few times a month,4,4,4,4,3,3,3,4,2,3,3,4,5,4,4,4,5,5,5,5,,,,,,,,,,,,,,,,,,,,,,,,,,,,,,,,,,,,,,,,,,,,,,,,,,,,,
11/25/2025 8:53:35,Customer McDonald’s,,,,,,,,,,,,,,,,,,,,,,Female,26-35,Student,Postgraduate,A few times a week,5,5,4,5,3,3,3,3,4,3,4,4,2,2,2,2,2,2,3,2,,,,,,,,,,,,,,,,,,,,,,,,,,,,,,,,,,,,,,,,,,,,,,,,,,,,,
11/25/2025 8:55:54,Customer McDonald’s,,,,,,,,,,,,,,,,,,,,,,Female,26-35,Student,Diploma,Rarely,4,4,4,4,4,3,4,3,3,3,3,4,4,4,4,4,4,4,4,4,,,,,,,,,,,,,,,,,,,,,,,,,,,,,,,,,,,,,,,,,,,,,,,,,,,,,
11/25/2025 9:37:08,Customer McDonald’s,,,,,,,,,,,,,,,,,,,,,,Female,18-25,Student,Bachelor's degree,A few times a month,4,4,5,4,4,3,4,4,3,3,4,3,3,2,2,2,2,2,2,3,,,,,,,,,,,,,,,,,,,,,,,,,,,,,,,,,,,,,,,,,,,,,,,,,,,,,
11/25/2025 9:43:46,Customer McDonald’s,,,,,,,,,,,,,,,,,,,,,,Female,below 18,Student,Bachelor's degree,A few times a week,4,4,4,5,3,4,3,2,3,4,3,3,5,5,5,4,4,5,5,5,,,,,,,,,,,,,,,,,,,,,,,,,,,,,,,,,,,,,,,,,,,,,,,,,,,,,
11/25/2025 9:44:41,Customer McDonald’s,,,,,,,,,,,,,,,,,,,,,,Female,18-25,Student,Bachelor's degree,A few times a month,5,4,4,5,5,2,2,3,3,2,4,3,3,3,2,2,2,2,2,2,,,,,,,,,,,,,,,,,,,,,,,,,,,,,,,,,,,,,,,,,,,,,,,,,,,,,
11/25/2025 10:04:19,Customer McDonald’s,,,,,,,,,,,,,,,,,,,,,,Female,18-25,Self-employed,Bachelor's degree,Rarely,3,5,4,5,4,4,3,3,3,3,4,4,5,5,5,5,5,5,5,5,,,,,,,,,,,,,,,,,,,,,,,,,,,,,,,,,,,,,,,,,,,,,,,,,,,,,
11/25/2025 10:05:05,Customer McDonald’s,,,,,,,,,,,,,,,,,,,,,,Female,18-25,Unemployed,PhD,A few times a month,4,3,3,4,3,3,4,3,4,4,3,4,5,5,4,4,4,4,4,4,,,,,,,,,,,,,,,,,,,,,,,,,,,,,,,,,,,,,,,,,,,,,,,,,,,,,
11/25/2025 10:05:51,Customer McDonald’s,,,,,,,,,,,,,,,,,,,,,,Female,18-25,Student,Diploma,A few times a week,5,4,5,3,3,4,3,4,3,4,3,3,2,2,2,2,3,3,2,3,,,,,,,,,,,,,,,,,,,,,,,,,,,,,,,,,,,,,,,,,,,,,,,,,,,,,
11/25/2025 10:06:35,Customer McDonald’s,,,,,,,,,,,,,,,,,,,,,,Female,18-25,Unemployed,Bachelor's degree,A few times a month,4,4,4,4,4,4,4,2,4,4,4,4,5,5,5,5,5,5,5,5,,,,,,,,,,,,,,,,,,,,,,,,,,,,,,,,,,,,,,,,,,,,,,,,,,,,,
11/25/2025 10:21:21,Customer McDonald’s,,,,,,,,,,,,,,,,,,,,,,Female,18-25,Self-employed,Bachelor's degree,A few times a month,4,4,5,4,4,3,5,3,3,3,3,4,4,4,4,4,4,4,4,4,,,,,,,,,,,,,,,,,,,,,,,,,,,,,,,,,,,,,,,,,,,,,,,,,,,,,
11/25/2025 10:23:06,Customer McDonald’s,,,,,,,,,,,,,,,,,,,,,,Female,below 18,Self-employed,Bachelor's degree,A few times a week,5,4,5,5,3,4,3,3,4,3,3,3,2,2,2,2,3,3,3,3,,,,,,,,,,,,,,,,,,,,,,,,,,,,,,,,,,,,,,,,,,,,,,,,,,,,,
11/25/2025 10:24:36,Customer McDonald’s,,,,,,,,,,,,,,,,,,,,,,Female,46-55,Student,Bachelor's degree,A few times a month,3,4,5,4,4,3,3,3,4,3,3,3,5,5,5,4,4,4,4,4,,,,,,,,,,,,,,,,,,,,,,,,,,,,,,,,,,,,,,,,,,,,,,,,,,,,,
11/25/2025 10:25:42,Customer McDonald’s,,,,,,,,,,,,,,,,,,,,,,Female,46-55,Working professional,Bachelor's degree,A few times a month,5,4,4,4,4,2,2,3,3,3,4,4,4,4,4,4,4,4,4,5,,,,,,,,,,,,,,,,,,,,,,,,,,,,,,,,,,,,,,,,,,,,,,,,,,,,,
11/25/2025 10:26:55,Customer McDonald’s,,,,,,,,,,,,,,,,,,,,,,Female,26-35,Working professional,Diploma,A few times a week,5,5,5,4,3,3,3,4,3,4,3,3,4,4,4,4,4,4,4,4,,,,,,,,,,,,,,,,,,,,,,,,,,,,,,,,,,,,,,,,,,,,,,,,,,,,,
11/25/2025 10:28:26,Customer McDonald’s,,,,,,,,,,,,,,,,,,,,,,Female,46-55,Self-employed,Postgraduate,Rarely,4,4,5,4,4,3,3,3,4,3,3,4,3,2,2,2,2,3,2,2,,,,,,,,,,,,,,,,,,,,,,,,,,,,,,,,,,,,,,,,,,,,,,,,,,,,,
11/25/2025 10:30:55,Customer McDonald’s,,,,,,,,,,,,,,,,,,,,,,Female,below 18,Student,Secondary School,A few times a month,5,5,5,4,4,4,3,3,3,3,4,2,4,4,4,4,4,4,4,4,,,,,,,,,,,,,,,,,,,,,,,,,,,,,,,,,,,,,,,,,,,,,,,,,,,,,
11/25/2025 10:31:50,Customer McDonald’s,,,,,,,,,,,,,,,,,,,,,,Female,26-35,Student,Bachelor's degree,Rarely,5,4,3,4,3,3,3,4,3,3,4,4,4,4,4,5,4,4,4,5,,,,,,,,,,,,,,,,,,,,,,,,,,,,,,,,,,,,,,,,,,,,,,,,,,,,,
11/25/2025 10:52:21,Customer McDonald’s,,,,,,,,,,,,,,,,,,,,,,Female,36-45,Student,Bachelor's degree,A few times a month,3,4,4,5,3,3,3,3,3,3,3,4,3,3,3,2,2,2,2,3,,,,,,,,,,,,,,,,,,,,,,,,,,,,,,,,,,,,,,,,,,,,,,,,,,,,,
11/25/2025 10:53:22,Customer McDonald’s,,,,,,,,,,,,,,,,,,,,,,Female,below 18,Unemployed,Bachelor's degree,A few times a week,5,4,5,3,4,4,3,4,4,2,4,4,3,4,4,5,4,4,3,4,,,,,,,,,,,,,,,,,,,,,,,,,,,,,,,,,,,,,,,,,,,,,,,,,,,,,
11/25/2025 10:54:33,Customer McDonald’s,,,,,,,,,,,,,,,,,,,,,,Female,46-55,Student,Secondary School,A few times a month,5,5,4,5,3,4,3,3,3,3,3,4,4,4,4,4,4,4,4,4,,,,,,,,,,,,,,,,,,,,,,,,,,,,,,,,,,,,,,,,,,,,,,,,,,,,,
11/25/2025 10:55:34,Customer McDonald’s,,,,,,,,,,,,,,,,,,,,,,Female,18-25,Student,Secondary School,Rarely,5,4,5,5,4,3,3,3,4,3,3,3,5,5,5,5,5,5,5,5,,,,,,,,,,,,,,,,,,,,,,,,,,,,,,,,,,,,,,,,,,,,,,,,,,,,,
11/25/2025 10:56:22,Customer McDonald’s,,,,,,,,,,,,,,,,,,,,,,Female,26-35,Working professional,Bachelor's degree,Daily,5,5,4,4,4,3,3,3,3,4,4,4,4,4,4,4,4,4,4,5,,,,,,,,,,,,,,,,,,,,,,,,,,,,,,,,,,,,,,,,,,,,,,,,,,,,,
11/25/2025 10:56:56,Customer McDonald’s,,,,,,,,,,,,,,,,,,,,,,Female,36-45,Unemployed,Bachelor's degree,A few times a week,5,4,4,4,3,4,4,3,4,4,2,3,4,4,4,4,5,5,5,5,,,,,,,,,,,,,,,,,,,,,,,,,,,,,,,,,,,,,,,,,,,,,,,,,,,,,
11/25/2025 10:58:01,Customer McDonald’s,,,,,,,,,,,,,,,,,,,,,,Female,18-25,Student,Diploma,A few times a week,5,5,5,4,3,3,3,4,3,3,3,3,5,4,4,4,5,5,5,5,,,,,,,,,,,,,,,,,,,,,,,,,,,,,,,,,,,,,,,,,,,,,,,,,,,,,
11/25/2025 10:58:41,Customer McDonald’s,,,,,,,,,,,,,,,,,,,,,,Female,18-25,Working professional,Secondary School,A few times a month,4,4,4,5,4,3,3,3,4,4,3,4,3,3,3,3,3,3,2,2,,,,,,,,,,,,,,,,,,,,,,,,,,,,,,,,,,,,,,,,,,,,,,,,,,,,,